{"id":"GlobalHash","type":"Global","relativePath":"","weakFingerprintHash":"DA1B433E86E43E206E71095753CB0D48","pathSetHash":"","strongFingerprintHash":"","strongFingerprintHashes":{},"weakFingerprintHashes":{"1E5593B8C6769254E6CA12E12FC136E4":["CacheEpoch:2"],"7DBFB2273095E68241F78C581663FF3A":["Cache Universe: DefaultUniverse"],"F59BB99FFF86EF537840A87B6E9C8617":["FilePath: build\\configuration\\private\\json\\stylecop.json"],"43F7E5A32EF13545C3E4ACD5B6C50361":["FilePath: build\\configuration\\private\\props\\RoslynAnalysis.props"],"5999E0A0AECC2689024382AC7054C1B7":["FilePath: build\\configuration\\private\\props\\RoslynBaseline.props"],"A906C1E5879FED732EED845FA85196F9":["FilePath: build\\configuration\\private\\xml\\RoslynAnalyzers.ruleset"],"4F42C3BB5A84B4487FD8E5CC43B317E2":["FilePath: build\\config\\CodeCoverage_Config.json"],"E9D27A0DE6030DEF7DE6B9E75667A071":["FilePath: build\\config\\global_impact_hashes.json"],"11AE0CB81C2EE779A127B66F8ED20203":["FilePath: build\\config\\package_install_paths.json"],"26868FF009A139C229783387FC82BF80":["FilePath: build\\config\\signing_options.json"],"B6B772EE86DCA497DB839CC304C2AADE":["FilePath: CloudBuild.json"],"868D8C4761C82C9FB4FA406C108BAF72":["FilePath: global.json"],"(null)":["FilePath: private\\cache.config","FilePath: private\\packages\\packages.ini"]}}