{"ClientReturnCodeStr":"Success","UniqueSessionId":"c051a8c4-7fee-40fd-986c-4fd8524a8331","BranchName":"Pocbranch","SessionId":"0614_052243","ChangeList":"","RollingChanges":[],"BuildArguments":"/p:Configuration=Debug|/p:Platform=x64","MachineName":"LAPPY9","MachineRole":"","UserName":"t-lnuvinita","UserDomain":"REDMOND","BuildersCount":0,"BuildStartTimeUtcTicks":638539393870899799,"EnlistmentRoot":"C:\\Users\\t-lnuvinita\\Desktop\\CosmicMgmtPlane","RollingBuild":false,"BuildDurationTicks":5433956,"PendingTargetsCount":0,"NotStartedTargetsCount":0,"FailedTargetsCount":0,"SucceededTargetsCount":0,"InternalFailures":0,"BuildDropSucceeded":false,"OverallStartTimeUtcTicks":638539393638783195,"OverallEndTimeUtcTicks":638539393876318827,"ClientSetupDurationTicks":232115925,"BuildersSetupDurationTicks":0,"BuildFinished":true,"BuildDropSetupDurationTicks":0,"DggDurationTicks":227705229,"ClientCleanupSucceeded":true,"BuildQueues":[],"Requester":"","LogDirectory":"C:\\Users\\t-lnuvinita\\Desktop\\CosmicMgmtPlane\\sources\\dev\\cosmic.loganalytics.lib\\QLogs","Builders":[],"BuildCopWarnings":0,"BuildCopErrors":0,"TargetRetries":0,"ReturnCode":0,"BuildException":"","OverallBuildDurationTicks":237550966,"QTestPassedCount":0,"QTestFailedCount":0,"StoppedOnFailure":false,"BuildStatus":1,"BuildStartSeqNo":0,"QueueTimeUtcTicks":0,"ScheduledTimeUtcTicks":0,"MinBuilders":0,"MaxBuilders":0,"SyncTimeoutSec":0,"BuildTimeoutSec":0,"AdditionalQuickBuildFlags":"","CommandLineFlags":"-MSBuildRestore -DetectDuplicateBinplace DetectAll -UseHardlinksInCache -MSBuildPath \"C:\\Program Files\\Microsoft Visual Studio\\2022\\Enterprise\\MSBuild\\Current\\Bin\\amd64\\MSBuild.exe\" -CacheOnly -NoTest -UseAnalysisCommand false -InferDependenciesFromInputsAndOutputs false","QBitsFolder":"","DpkPaths":[],"BuildDropType":0,"Priority":0,"BuildRole":1,"DispatchStartUtcTicks":0,"DispatchCount":0,"PreBuildEnvVars":{},"Changes":[],"FirstChangeUtcTicks":0,"BuildQueue":"","PostBuildDurationTicks":0,"PostBuildLogFilePath":"","Description":"","BuildType":0,"BuildArch":0,"CCHitBlocks":0,"CCTotalBlocks":0,"LocalChangeLists":[],"BuildDropUrl":"","InternalRetryCount":0,"ChainedChildBuildId":"","ChainedParentBuildId":"","InternalFailuresCategorized":{},"CacheUniverse":"DefaultUniverse","GlobalCacheServiceName":"","CodeSourceServer":"","CacheHitBuildTargetsCount":0,"CacheMissBuildTargetsCount":1,"CacheHitTestTargetsCount":0,"CacheMissTestTargetsCount":0,"CacheHitAnalysisTargetsCount":0,"CacheMissAnalysisTargetsCount":0,"CacheHitCoverageTargetsCount":0,"CacheMissCoverageTargetsCount":0,"LogShareName":"","DropServiceOptions":0,"SourceControlServer":{"DpkFileExtension":".dpk","Type":0,"Uri":"https://o365exchange.visualstudio.com/O365%20Core/_git/CosmicMgmtPlane","FriendlyName":"","CredentialsKey":null,"ClientViewsDepotPath":"","MaxSimultaneousEnlist":10,"Offline":false,"GitInteractionMode":1,"EnlistmentRateSchedules":[],"UnderlyingType":0,"SchedulerStamp":"","ScheduleAtAllStamps":false,"SourceCacheArtifactServicesUrl":null,"SourceCacheIngestionStamp":null,"EnlistmentRefresh":null,"EnableGvfsCacheInStamps":null,"EnableSdTls":false,"EnableSdAad":false,"EnableEnlistmentCaching":false,"EnlistmentCacheRefreshRate":14,"MIReplicaPerRegion":1},"ChangeSummary":{"ChangeId":"","SubmitTime":"0001-01-01T00:00:00Z"},"ToolPaths":[],"BuildWorkflowType":0,"IgnoreUnmappedFilesInDpk":false,"Md5HashOfMacrosAffectingBuildResult":"C27832CA1C99E4CDB0520F4CE4935878","ScheduledAtStampId":"","ScheduledCount":0,"QueuedCount":0,"StoredCount":0,"CancellingCount":0,"TaskCancelledCount":0,"CodeSignAccountId":"","CodeSignSessionId":"","DropConnectionString":"","DropBaseName":"","DropLabel":"","DropRootPaths":[],"DropFilterPaths":[],"DropCredentialTag":"","InProbation":false,"ProbationReason":"","DropSettings":[],"DropResults":[],"CodeSigningEnabled":false,"CloudSignEnabled":false,"CloudSignUrl":"","StoredEndTimeUtcTicks":0,"EmailNotifications":0,"SourceHashVerificationMode":0,"SecretName":null,"ExperimentSettings":null,"DropExpirationInDays":0,"BuddyDropExpirationInDays":0,"BranchViewDelta":{},"ErrorSignature":"","DpkDropUrl":null,"OriginalDpkPaths":[],"SchedulingMessage":"","ScheduleAfterUtcTicks":0,"RetryCount":0,"CommandFlags":null,"ReleaseStage":"","VstsRequestInfo":null,"StampPreferences":[],"OwnerStampId":"","ReleasedByAllStampsCount":0,"BuildFileTargetTypeCounts":{},"BuildWorkflow":null,"BuildingWithBuildExe":false,"CCHitLines":0,"CCTotalLines":0,"QueueTimeComputedHash":"","CompliantBuild":null,"ToolsByFamilyName":null,"AllowedNugetPushUrls":null,"GenericRunnerOptions":null,"SpecificRunnerOptions":null,"BuildEngineOptions":null,"SourceCacheIngesters":null,"CCPartialHitLines":0,"SchedulingMessageCode":0,"RequestedStampPreferences":null,"EsrpSignEnabled":false,"BranchView":null,"OwnerStampRing":"","SigningTypes":null,"AdditionalBranchesToFetch":null,"BatmonCorpUrl":"","GlobalImpactHash":"DA1B433E86E43E206E71095753CB0D48","RunOnMachines":null,"EsrpConfigurationFile":null,"EsrpPolicyFile":null,"EsrpAuthenticationFile":null,"TargetStatistics":null,"ReferenceBuildId":"","Organization":"","BranchNameKey":"","OnlyRunOnMachinesReservedForExperiment":false,"PrefetchDirectories":null,"SubmodulesToUpdate":null,"DropsAvailableDuringBuild":null,"CacheAgnosticEnvVars":{},"ComponentGovernanceSettings":null,"ComponentGovernanceResult":null,"DisableAntivirusCpuThrottling":false,"BuildVariables":null,"CorextFlightId":null,"TestSignEnabled":false,"BuildEnvironmentTypeStr":"ConfigBased","QueueDurationBySchedulingCode":null,"LastSchedulingMessageUpdateUtcTicks":0,"ShouldFastFetchParentCommits":false,"LogDropsSettings":null,"NonRetriableClientReturnCodes":null,"RequesterAadProperties":null,"RequiredAvailableSpaceInGb":0,"CodeCoverageReportsDirectory":null,"OacrBaselineReports":null,"AllowedCustomerKeyVaults":null,"Tenant":null,"AdditionalStrongNameExclusions":null,"UploadedDropArtifacts":null,"EsrpManifestSignEnabled":false,"UserProvidedVstsBuildContext":null,"BuilderDurationTicksByBuilderId":null,"EnableManifestCreation":false,"CodeIntegrityEnabled":false,"StampInProbation":false,"CloudSignToEsrpSetting":null,"VmImageName":null,"RequestedVmImageName":null,"AllowedAcrs":null,"PolicyValidationMetadata":null,"GuardianBuildVariables":null,"TestQueueOriginalTenant":null,"CustomerDefinedQuotaManagementSettings":null,"ValidationMarker":null,"BlobL3AccountType":null,"BuilderToEbomReference":{},"ResourceManagementMachines":[],"InBvtProbation":false,"IsClonedBuild":false,"EnableContainerImageSigning":false,"AgentPoolUrl":"","ComputeProvider":"","NetworkIsolationLevel":0,"FileSystemAclPolicyLevel":0,"QueueConfigBranch":"","BlobCacheInstanceOverrideString":"","ComputePool":"","CacheInstance":"","ComputeImage":"","NetworkIsolationExceptionNameList":[],"HoldMachine":false,"PublishingMode":"","PoolMachineSKU":"","NetworkIsolationPolicy":null,"StorageHints":null}